contractor_name,cleaned_name
BCCI / Mumbai Cricket Association,bcci mumbai cricket association
BEST,best
Central Railway,central railway
Godavari Marathwada IDC,godavari marathwada idc
ICICI Bank (attached/sold property),icici bank
Indian Railways,indian railways
Kalyan Dombivli Municipal Corporation,kalyan dombivli municipal corporation
Karnala Mahila Readymade Garment & Vastra Udyog Industrial Co-op Society (purchasers),karnala mahila readymade garment vastra udyog industrial op society
Konkan IDC,konkan idc
M/s CRISIL Risk and Infrastructure Solutions Limited,crisil risk and infrastructure solutions
M/s ECIL,ecil
"M/s ECIL (infrastructure, 2005)",ecil
M/s Embassy One Developers Private Limited,embassy one developers
M/s Garware Wall Ropes Pvt. Ltd,garware wall ropes
M/s Gayathri Hatchery-I,gayathri hatchery i
M/s Goa State Infrastructure Development Corporation,goa state infrastructure development corporation
M/s Haldia Petrochemicals,haldia petrochemicals
M/s Huntsman International (I) Pvt. Ltd.,huntsman international
M/s Impulse Microelectronics Pvt Ltd,impulse microelectronics
M/s Jai Laxmi Agro Foods Pvt. Ltd,jai laxmi agro foods
"M/s Krisnaa Diagnostics Pvt. Ltd., Jaipur",krisnaa diagnostics jaipur
M/s Lulu International Shopping Mall,lulu international shopping mall
M/s Mastek Ltd,mastek
"M/s Mastek Ltd (software developer, 2001)",mastek
M/s National Project Construction Corporation Limited (NPCCL),national project construction corporation
"M/s Public Works Department, Panaji, Goa",public works department panaji goa
M/s Punj Lloyd Ltd.,punj lloyd
M/s Rohan Dyes & Intermediates Ltd.,rohan dyes intermediates
M/s Sharma Infra Projects Pvt. Ltd.,sharma infra projects
M/s Surya Vamsi Shrimp Hatcheries,surya vamsi shrimp hatcheries
M/s TCS,tcs
"M/s TRIF, Kochi",trif kochi
M/s WAPCOS Limited,wapcos
M/s WAPCOS Limited (Project Management Consultant),wapcos
M/s Zafza Mumbai Business Park (India) Pvt Ltd,zafza mumbai business park
MCGM,mcgm
MEDA (implementing agency),meda
MSEDCL,msedcl
Maharashtra Krishna Valley Development Corp,maharashtra krishna valley development corp
Maharashtra State Power Generation Co Ltd,maharashtra state power generation
Mira Bhayandar Municipal Corporation,mira bhayandar municipal corporation
Municipal Corporation of Greater Mumbai,municipal corporation of greater mumbai
Rail India Technical and Economic Service Limited (RITES),rail india technical and economic service
Ram Constructions Bihar,ram constructions bihar
Ram Constructions UP,ram constructions up
Reliance Infrastructure,reliance infrastructure
Reliance Infrastructure Ltd (supplier),reliance infrastructure
S R Constructions,s r constructions
Sahara Adventure Sports Ltd (IPL franchisee),sahara adventure sports
Sharma Infrastructure Projects Private Limited,sharma infrastructure projects
Shree Ram Construction Co.,shree ram construction
Shree Ram Constructions Pvt Ltd,shree ram constructions
Spanco Nagpur Discom Ltd (MSEDCL franchisee),spanco nagpur discom
State Bank of India,state bank of india
Tapi IDC,tapi idc
Tata Consultancy Services Ltd,tata consultancy services
Tata Power,tata power
Thane Municipal Corporation,thane municipal corporation
Uttar Pradesh Development System Corporation Limited (UPDESCO),uttar pradesh development system corporation
Vidarbha Cricket Association,vidarbha cricket association
Vidarbha IDC,vidarbha idc
WAPCOS Ltd,wapcos
Western Coalfields Ltd,western coalfields
Western Railway,western railway
